태그명,DATE,URL
,,
tags,URL,DATE
유퀴즈온더블럭,https://www.youtube.com/watch?v=3j36p-5Me-g,2022-01-13
유퀴즈,https://www.youtube.com/watch?v=3j36p-5Me-g,2022-01-13
선공개,https://www.youtube.com/watch?v=3j36p-5Me-g,2022-01-13
유재석,https://www.youtube.com/watch?v=3j36p-5Me-g,2022-01-13
조세호,https://www.youtube.com/watch?v=3j36p-5Me-g,2022-01-13
이정재,https://www.youtube.com/watch?v=3j36p-5Me-g,2022-01-13
티빙에서스트리밍,https://www.youtube.com/watch?v=3j36p-5Me-g,2022-01-13
현대자동차,https://www.youtube.com/watch?v=yZvyeH3GPRA,2022-01-13
디자이너,https://www.youtube.com/watch?v=yZvyeH3GPRA,2022-01-13
과로자살,https://www.youtube.com/watch?v=yZvyeH3GPRA,2022-01-13
프리지아,https://www.youtube.com/watch?v=PrXSqRZPrxE,2022-01-13
송지아,https://www.youtube.com/watch?v=PrXSqRZPrxE,2022-01-13
free지아,https://www.youtube.com/watch?v=PrXSqRZPrxE,2022-01-13
QnA,https://www.youtube.com/watch?v=PrXSqRZPrxE,2022-01-13
큐앤에이,https://www.youtube.com/watch?v=PrXSqRZPrxE,2022-01-13
솔로지옥,https://www.youtube.com/watch?v=PrXSqRZPrxE,2022-01-13
팬미팅,https://www.youtube.com/watch?v=PrXSqRZPrxE,2022-01-13
구독자,https://www.youtube.com/watch?v=PrXSqRZPrxE,2022-01-13
백만,https://www.youtube.com/watch?v=PrXSqRZPrxE,2022-01-13
고알레,https://www.youtube.com/watch?v=RhRA7-BY16s,2022-01-13
축구,https://www.youtube.com/watch?v=RhRA7-BY16s,2022-01-13
백승호,https://www.youtube.com/watch?v=RhRA7-BY16s,2022-01-13
김승규,https://www.youtube.com/watch?v=RhRA7-BY16s,2022-01-13
국가대표,https://www.youtube.com/watch?v=RhRA7-BY16s,2022-01-13
런닝맨,https://www.youtube.com/watch?v=twC399f7H84,2022-01-13
Runningman,https://www.youtube.com/watch?v=twC399f7H84,2022-01-13
유재석,https://www.youtube.com/watch?v=twC399f7H84,2022-01-13
지석진,https://www.youtube.com/watch?v=twC399f7H84,2022-01-13
하하,https://www.youtube.com/watch?v=twC399f7H84,2022-01-13
양세찬,https://www.youtube.com/watch?v=twC399f7H84,2022-01-13
송지효,https://www.youtube.com/watch?v=twC399f7H84,2022-01-13
전소민,https://www.youtube.com/watch?v=twC399f7H84,2022-01-13
김종국,https://www.youtube.com/watch?v=twC399f7H84,2022-01-13
스포츠머그,https://www.youtube.com/watch?v=tlbC0j7cvjg,2022-01-13
이승우,https://www.youtube.com/watch?v=tlbC0j7cvjg,2022-01-13
수원FC,https://www.youtube.com/watch?v=tlbC0j7cvjg,2022-01-13
SMG,https://www.youtube.com/watch?v=tlbC0j7cvjg,2022-01-13
린,https://www.youtube.com/watch?v=0vvCe4EHtus,2022-01-13
LYN,https://www.youtube.com/watch?v=0vvCe4EHtus,2022-01-13
킬링보이스,https://www.youtube.com/watch?v=0vvCe4EHtus,2022-01-13
KillingVoice,https://www.youtube.com/watch?v=0vvCe4EHtus,2022-01-13
딩고뮤직,https://www.youtube.com/watch?v=0vvCe4EHtus,2022-01-13
DingoMusic,https://www.youtube.com/watch?v=0vvCe4EHtus,2022-01-13
사나고,https://www.youtube.com/watch?v=kEPb6EMIqK4,2022-01-13
스파이더맨,https://www.youtube.com/watch?v=kEPb6EMIqK4,2022-01-13
노웨이홈,https://www.youtube.com/watch?v=kEPb6EMIqK4,2022-01-13
SPIDERMAN,https://www.youtube.com/watch?v=kEPb6EMIqK4,2022-01-13
MARVEL,https://www.youtube.com/watch?v=kEPb6EMIqK4,2022-01-13
실화탐사대,https://www.youtube.com/watch?v=2o-7UzxEm5s,2022-01-13
불륜녀전단지,https://www.youtube.com/watch?v=2o-7UzxEm5s,2022-01-13
검은옷여인,https://www.youtube.com/watch?v=2o-7UzxEm5s,2022-01-13
실탐,https://www.youtube.com/watch?v=2o-7UzxEm5s,2022-01-13
실화On,https://www.youtube.com/watch?v=2o-7UzxEm5s,2022-01-13
신동엽,https://www.youtube.com/watch?v=2o-7UzxEm5s,2022-01-13
김정근,https://www.youtube.com/watch?v=2o-7UzxEm5s,2022-01-13
강다솜,https://www.youtube.com/watch?v=2o-7UzxEm5s,2022-01-13
빈티지샵투어,https://www.youtube.com/watch?v=hUqv8Ctk5lw,2022-01-13
입어만볼게요,https://www.youtube.com/watch?v=hUqv8Ctk5lw,2022-01-13
LCK,https://www.youtube.com/watch?v=kMU3Kfy8H8c,2022-01-13
WeMakeLegends,https://www.youtube.com/watch?v=kMU3Kfy8H8c,2022-01-13
그해우리는,https://www.youtube.com/watch?v=54435LyUT8E,2022-01-13
최우식,https://www.youtube.com/watch?v=54435LyUT8E,2022-01-13
김다미,https://www.youtube.com/watch?v=54435LyUT8E,2022-01-13
LCK,https://www.youtube.com/watch?v=elWkvtfEdlQ,2022-01-13
WeMakeLegends,https://www.youtube.com/watch?v=elWkvtfEdlQ,2022-01-13
상품순삭,https://www.youtube.com/watch?v=whjJcz-Gc8g,2022-01-13
우정순삭,https://www.youtube.com/watch?v=whjJcz-Gc8g,2022-01-13
인물퀴즈는위험한게임입니다,https://www.youtube.com/watch?v=whjJcz-Gc8g,2022-01-13
지압슬리퍼고정출연,https://www.youtube.com/watch?v=whjJcz-Gc8g,2022-01-13
출장십오야2,https://www.youtube.com/watch?v=whjJcz-Gc8g,2022-01-13
고수,https://www.youtube.com/watch?v=95NECrK8NAE,2022-01-13
잠뜰,https://www.youtube.com/watch?v=95NECrK8NAE,2022-01-13
수현,https://www.youtube.com/watch?v=95NECrK8NAE,2022-01-13
그해우리는,https://www.youtube.com/watch?v=O3-JLpW1KFo,2022-01-13
SBSCatch,https://www.youtube.com/watch?v=O3-JLpW1KFo,2022-01-13
블루염색,https://www.youtube.com/watch?v=yiKyhdTW9wE,2022-01-13
망한머리대회,https://www.youtube.com/watch?v=yiKyhdTW9wE,2022-01-13
매니큐어,https://www.youtube.com/watch?v=yiKyhdTW9wE,2022-01-13
유주,https://www.youtube.com/watch?v=HUnRdj23aPY,2022-01-13
YUJU,https://www.youtube.com/watch?v=HUnRdj23aPY,2022-01-13
REC,https://www.youtube.com/watch?v=HUnRdj23aPY,2022-01-13
놀이,https://www.youtube.com/watch?v=HUnRdj23aPY,2022-01-13
20220118_6PM,https://www.youtube.com/watch?v=HUnRdj23aPY,2022-01-13
RELEASE,https://www.youtube.com/watch?v=HUnRdj23aPY,2022-01-13
공룡,https://www.youtube.com/watch?v=tYnH_MwMBAg,2022-01-13
파피플레이타임,https://www.youtube.com/watch?v=tYnH_MwMBAg,2022-01-13
제36회골든디스크어워즈,https://www.youtube.com/watch?v=Hu1NqcDXvWY,2022-01-13
아이유,https://www.youtube.com/watch?v=Hu1NqcDXvWY,2022-01-13
무대,https://www.youtube.com/watch?v=Hu1NqcDXvWY,2022-01-13
봄동,https://www.youtube.com/watch?v=nO7qan3_MjI,2022-01-13
봄동겉절이,https://www.youtube.com/watch?v=nO7qan3_MjI,2022-01-13
봄동고르는법,https://www.youtube.com/watch?v=nO7qan3_MjI,2022-01-13
Seasoned,https://www.youtube.com/watch?v=nO7qan3_MjI,2022-01-13
Korean,https://www.youtube.com/watch?v=nO7qan3_MjI,2022-01-13
양배추요리,https://www.youtube.com/watch?v=gcoE_3AuG6c,2022-01-13
양배추다이어트,https://www.youtube.com/watch?v=gcoE_3AuG6c,2022-01-13
삶은양배추,https://www.youtube.com/watch?v=gcoE_3AuG6c,2022-01-13
최우식,https://www.youtube.com/watch?v=qcyOdUCi02M,2022-01-13
choiwooshik,https://www.youtube.com/watch?v=qcyOdUCi02M,2022-01-13
그해우리는,https://www.youtube.com/watch?v=qcyOdUCi02M,2022-01-13
OurBelovedSummer,https://www.youtube.com/watch?v=qcyOdUCi02M,2022-01-13
대환장파티,https://www.youtube.com/watch?v=7Cowzfdal3c,2022-01-13
이건아마도전쟁같은촬영,https://www.youtube.com/watch?v=7Cowzfdal3c,2022-01-13
출장십오야2,https://www.youtube.com/watch?v=7Cowzfdal3c,2022-01-13
이은재,https://www.youtube.com/watch?v=gGh7WFKu4tE,2022-01-13
강율,https://www.youtube.com/watch?v=gGh7WFKu4tE,2022-01-13
원필,https://www.youtube.com/watch?v=gGh7WFKu4tE,2022-01-13
강혜원,https://www.youtube.com/watch?v=gGh7WFKu4tE,2022-01-13
박이현,https://www.youtube.com/watch?v=gGh7WFKu4tE,2022-01-13
윤준원,https://www.youtube.com/watch?v=gGh7WFKu4tE,2022-01-13
현석,https://www.youtube.com/watch?v=gGh7WFKu4tE,2022-01-13
최찬이,https://www.youtube.com/watch?v=gGh7WFKu4tE,2022-01-13
나나,https://www.youtube.com/watch?v=gGh7WFKu4tE,2022-01-13
이정준,https://www.youtube.com/watch?v=gGh7WFKu4tE,2022-01-13
주현영,https://www.youtube.com/watch?v=gGh7WFKu4tE,2022-01-13
금동현,https://www.youtube.com/watch?v=gGh7WFKu4tE,2022-01-13
일진에게반했을때,https://www.youtube.com/watch?v=gGh7WFKu4tE,2022-01-13
BestMistake3,https://www.youtube.com/watch?v=gGh7WFKu4tE,2022-01-13
YENA,https://www.youtube.com/watch?v=m5ma4IJUzbY,2022-01-13
최예나,https://www.youtube.com/watch?v=m5ma4IJUzbY,2022-01-13
SMILEY,https://www.youtube.com/watch?v=m5ma4IJUzbY,2022-01-13
망언,https://www.youtube.com/watch?v=UCCwTLPsv98,2022-01-13
대환장파티,https://www.youtube.com/watch?v=7Cowzfdal3c,2022-01-13
이건아마도전쟁같은촬영,https://www.youtube.com/watch?v=7Cowzfdal3c,2022-01-13
출장십오야2,https://www.youtube.com/watch?v=7Cowzfdal3c,2022-01-13
차승원,https://www.youtube.com/watch?v=XpnVlxLRaSc,2022-01-13
어느날,https://www.youtube.com/watch?v=XpnVlxLRaSc,2022-01-13
삼시세끼,https://www.youtube.com/watch?v=XpnVlxLRaSc,2022-01-13
현대자동차,https://www.youtube.com/watch?v=yZvyeH3GPRA,2022-01-13
디자이너,https://www.youtube.com/watch?v=yZvyeH3GPRA,2022-01-13
과로자살,https://www.youtube.com/watch?v=yZvyeH3GPRA,2022-01-13
GirlsOnTop,https://www.youtube.com/watch?v=uBY1AoiF5Vo,2022-01-13
GOT,https://www.youtube.com/watch?v=uBY1AoiF5Vo,2022-01-13
걸스온탑,https://www.youtube.com/watch?v=uBY1AoiF5Vo,2022-01-13
GOT_the_beat,https://www.youtube.com/watch?v=uBY1AoiF5Vo,2022-01-13
갓더비트,https://www.youtube.com/watch?v=uBY1AoiF5Vo,2022-01-13
StepBack,https://www.youtube.com/watch?v=uBY1AoiF5Vo,2022-01-13
BoA,https://www.youtube.com/watch?v=uBY1AoiF5Vo,2022-01-13
TAEYEON,https://www.youtube.com/watch?v=uBY1AoiF5Vo,2022-01-13
HYOYEON,https://www.youtube.com/watch?v=uBY1AoiF5Vo,2022-01-13
SEULGI,https://www.youtube.com/watch?v=uBY1AoiF5Vo,2022-01-13
WENDY,https://www.youtube.com/watch?v=uBY1AoiF5Vo,2022-01-13
KARINA,https://www.youtube.com/watch?v=uBY1AoiF5Vo,2022-01-13
WINTER,https://www.youtube.com/watch?v=uBY1AoiF5Vo,2022-01-13
유퀴즈온더블럭,https://www.youtube.com/watch?v=3j36p-5Me-g,2022-01-13
유퀴즈,https://www.youtube.com/watch?v=3j36p-5Me-g,2022-01-13
선공개,https://www.youtube.com/watch?v=3j36p-5Me-g,2022-01-13
유재석,https://www.youtube.com/watch?v=3j36p-5Me-g,2022-01-13
조세호,https://www.youtube.com/watch?v=3j36p-5Me-g,2022-01-13
이정재,https://www.youtube.com/watch?v=3j36p-5Me-g,2022-01-13
티빙에서스트리밍,https://www.youtube.com/watch?v=3j36p-5Me-g,2022-01-13
프리지아,https://www.youtube.com/watch?v=PrXSqRZPrxE,2022-01-13
송지아,https://www.youtube.com/watch?v=PrXSqRZPrxE,2022-01-13
free지아,https://www.youtube.com/watch?v=PrXSqRZPrxE,2022-01-13
QnA,https://www.youtube.com/watch?v=PrXSqRZPrxE,2022-01-13
큐앤에이,https://www.youtube.com/watch?v=PrXSqRZPrxE,2022-01-13
솔로지옥,https://www.youtube.com/watch?v=PrXSqRZPrxE,2022-01-13
팬미팅,https://www.youtube.com/watch?v=PrXSqRZPrxE,2022-01-13
구독자,https://www.youtube.com/watch?v=PrXSqRZPrxE,2022-01-13
백만,https://www.youtube.com/watch?v=PrXSqRZPrxE,2022-01-13
실화탐사대,https://www.youtube.com/watch?v=2o-7UzxEm5s,2022-01-13
불륜녀전단지,https://www.youtube.com/watch?v=2o-7UzxEm5s,2022-01-13
검은옷여인,https://www.youtube.com/watch?v=2o-7UzxEm5s,2022-01-13
실탐,https://www.youtube.com/watch?v=2o-7UzxEm5s,2022-01-13
실화On,https://www.youtube.com/watch?v=2o-7UzxEm5s,2022-01-13
신동엽,https://www.youtube.com/watch?v=2o-7UzxEm5s,2022-01-13
김정근,https://www.youtube.com/watch?v=2o-7UzxEm5s,2022-01-13
강다솜,https://www.youtube.com/watch?v=2o-7UzxEm5s,2022-01-13
도경완,https://www.youtube.com/watch?v=iH6yat_1WmU,2022-01-13
장윤정,https://www.youtube.com/watch?v=iH6yat_1WmU,2022-01-13
도연우,https://www.youtube.com/watch?v=iH6yat_1WmU,2022-01-13
도하영,https://www.youtube.com/watch?v=iH6yat_1WmU,2022-01-13
도장TV,https://www.youtube.com/watch?v=iH6yat_1WmU,2022-01-13
싱어게인2,https://www.youtube.com/watch?v=DlnE8uxALV8,2022-01-13
33호,https://www.youtube.com/watch?v=DlnE8uxALV8,2022-01-13
너무아픈사랑은사랑이아니었음을,https://www.youtube.com/watch?v=DlnE8uxALV8,2022-01-13
모닝와이드,https://www.youtube.com/watch?v=DtgoEfodKb0,2022-01-13
포천,https://www.youtube.com/watch?v=DtgoEfodKb0,2022-01-13
동굴,https://www.youtube.com/watch?v=DtgoEfodKb0,2022-01-13
미스터리,https://www.youtube.com/watch?v=DtgoEfodKb0,2022-01-13
프리지아,https://www.youtube.com/watch?v=0dnebz7QFNY,2022-01-13
송지아,https://www.youtube.com/watch?v=0dnebz7QFNY,2022-01-13
free지아,https://www.youtube.com/watch?v=0dnebz7QFNY,2022-01-13
부산브이로그,https://www.youtube.com/watch?v=0dnebz7QFNY,2022-01-13
부산vlog,https://www.youtube.com/watch?v=0dnebz7QFNY,2022-01-13
부산,https://www.youtube.com/watch?v=0dnebz7QFNY,2022-01-13
먹방,https://www.youtube.com/watch?v=0dnebz7QFNY,2022-01-13
임영웅,https://www.youtube.com/watch?v=6fd38fm7GLA,2022-01-13
LimYoungWoong,https://www.youtube.com/watch?v=6fd38fm7GLA,2022-01-13
린,https://www.youtube.com/watch?v=0vvCe4EHtus,2022-01-13
LYN,https://www.youtube.com/watch?v=0vvCe4EHtus,2022-01-13
킬링보이스,https://www.youtube.com/watch?v=0vvCe4EHtus,2022-01-13
KillingVoice,https://www.youtube.com/watch?v=0vvCe4EHtus,2022-01-13
딩고뮤직,https://www.youtube.com/watch?v=0vvCe4EHtus,2022-01-13
DingoMusic,https://www.youtube.com/watch?v=0vvCe4EHtus,2022-01-13
표고버섯볶음,https://www.youtube.com/watch?v=Wmvdngp50dA,2022-01-13
표고버섯요리,https://www.youtube.com/watch?v=Wmvdngp50dA,2022-01-13
이상한스윙골프대회,https://www.youtube.com/watch?v=zKBIBR-2xv8,2022-01-13
좀비골프대회,https://www.youtube.com/watch?v=zKBIBR-2xv8,2022-01-13
예능,https://www.youtube.com/watch?v=zKBIBR-2xv8,2022-01-13
닌자스윙,https://www.youtube.com/watch?v=zKBIBR-2xv8,2022-01-13
개구리스윙,https://www.youtube.com/watch?v=zKBIBR-2xv8,2022-01-13
망나니스윙,https://www.youtube.com/watch?v=zKBIBR-2xv8,2022-01-13
김준호,https://www.youtube.com/watch?v=zKBIBR-2xv8,2022-01-13
김지민,https://www.youtube.com/watch?v=zKBIBR-2xv8,2022-01-13
신한미니언즈체크카드,https://www.youtube.com/watch?v=zKBIBR-2xv8,2022-01-13
LCK,https://www.youtube.com/watch?v=elWkvtfEdlQ,2022-01-13
WeMakeLegends,https://www.youtube.com/watch?v=elWkvtfEdlQ,2022-01-13
신혜선,https://www.youtube.com/watch?v=ReKRSTB5PK8,2022-01-13
SNL코리아,https://www.youtube.com/watch?v=ReKRSTB5PK8,2022-01-13
쿠팡플레이,https://www.youtube.com/watch?v=ReKRSTB5PK8,2022-01-13
쿠팡,https://www.youtube.com/watch?v=ReKRSTB5PK8,2022-01-13
팽이버섯전,https://www.youtube.com/watch?v=2_QpOO9Lhxo,2022-01-13
팽이버섯요리,https://www.youtube.com/watch?v=2_QpOO9Lhxo,2022-01-13
터키즈온더블럭,https://www.youtube.com/watch?v=c1EzmeIo_Ys,2022-01-13
터키즈,https://www.youtube.com/watch?v=c1EzmeIo_Ys,2022-01-13
조나단,https://www.youtube.com/watch?v=c1EzmeIo_Ys,2022-01-13
이용진,https://www.youtube.com/watch?v=c1EzmeIo_Ys,2022-01-13
조나단밀크티,https://www.youtube.com/watch?v=c1EzmeIo_Ys,2022-01-13
암살개그,https://www.youtube.com/watch?v=c1EzmeIo_Ys,2022-01-13
연합뉴스,https://www.youtube.com/watch?v=BRrvzpCVDII,2022-01-13
파키스탄,https://www.youtube.com/watch?v=BRrvzpCVDII,2022-01-13
폭설,https://www.youtube.com/watch?v=BRrvzpCVDII,2022-01-13
터키즈온더블럭,https://www.youtube.com/watch?v=c1EzmeIo_Ys,2022-01-13
터키즈,https://www.youtube.com/watch?v=c1EzmeIo_Ys,2022-01-13
조나단,https://www.youtube.com/watch?v=c1EzmeIo_Ys,2022-01-13
이용진,https://www.youtube.com/watch?v=c1EzmeIo_Ys,2022-01-13
조나단밀크티,https://www.youtube.com/watch?v=c1EzmeIo_Ys,2022-01-13
암살개그,https://www.youtube.com/watch?v=c1EzmeIo_Ys,2022-01-13
우와한비디오,https://www.youtube.com/watch?v=xYr_2ynzUqU,2022-01-13
세상에이런일이,https://www.youtube.com/watch?v=xYr_2ynzUqU,2022-01-13
코없는할머니,https://www.youtube.com/watch?v=xYr_2ynzUqU,2022-01-13
유퀴즈온더블럭,https://www.youtube.com/watch?v=3j36p-5Me-g,2022-01-13
유퀴즈,https://www.youtube.com/watch?v=3j36p-5Me-g,2022-01-13
선공개,https://www.youtube.com/watch?v=3j36p-5Me-g,2022-01-13
유재석,https://www.youtube.com/watch?v=3j36p-5Me-g,2022-01-13
조세호,https://www.youtube.com/watch?v=3j36p-5Me-g,2022-01-13
이정재,https://www.youtube.com/watch?v=3j36p-5Me-g,2022-01-13
티빙에서스트리밍,https://www.youtube.com/watch?v=3j36p-5Me-g,2022-01-13
유퀴즈온더블럭,https://www.youtube.com/watch?v=3j36p-5Me-g,2022-01-13
유퀴즈,https://www.youtube.com/watch?v=3j36p-5Me-g,2022-01-13
선공개,https://www.youtube.com/watch?v=3j36p-5Me-g,2022-01-13
유재석,https://www.youtube.com/watch?v=3j36p-5Me-g,2022-01-13
조세호,https://www.youtube.com/watch?v=3j36p-5Me-g,2022-01-13
이정재,https://www.youtube.com/watch?v=3j36p-5Me-g,2022-01-13
티빙에서스트리밍,https://www.youtube.com/watch?v=3j36p-5Me-g,2022-01-13
유퀴즈온더블럭,https://www.youtube.com/watch?v=3j36p-5Me-g,2022-01-13
유퀴즈,https://www.youtube.com/watch?v=3j36p-5Me-g,2022-01-13
선공개,https://www.youtube.com/watch?v=3j36p-5Me-g,2022-01-13
유재석,https://www.youtube.com/watch?v=3j36p-5Me-g,2022-01-13
조세호,https://www.youtube.com/watch?v=3j36p-5Me-g,2022-01-13
이정재,https://www.youtube.com/watch?v=3j36p-5Me-g,2022-01-13
티빙에서스트리밍,https://www.youtube.com/watch?v=3j36p-5Me-g,2022-01-13
유퀴즈온더블럭,https://www.youtube.com/watch?v=3j36p-5Me-g,2022-01-13
유퀴즈,https://www.youtube.com/watch?v=3j36p-5Me-g,2022-01-13
선공개,https://www.youtube.com/watch?v=3j36p-5Me-g,2022-01-13
유재석,https://www.youtube.com/watch?v=3j36p-5Me-g,2022-01-13
조세호,https://www.youtube.com/watch?v=3j36p-5Me-g,2022-01-13
이정재,https://www.youtube.com/watch?v=3j36p-5Me-g,2022-01-13
티빙에서스트리밍,https://www.youtube.com/watch?v=3j36p-5Me-g,2022-01-13
유퀴즈온더블럭,https://www.youtube.com/watch?v=3j36p-5Me-g,2022-01-13
유퀴즈,https://www.youtube.com/watch?v=3j36p-5Me-g,2022-01-13
선공개,https://www.youtube.com/watch?v=3j36p-5Me-g,2022-01-13
유재석,https://www.youtube.com/watch?v=3j36p-5Me-g,2022-01-13
조세호,https://www.youtube.com/watch?v=3j36p-5Me-g,2022-01-13
이정재,https://www.youtube.com/watch?v=3j36p-5Me-g,2022-01-13
티빙에서스트리밍,https://www.youtube.com/watch?v=3j36p-5Me-g,2022-01-13
유퀴즈온더블럭,https://www.youtube.com/watch?v=3j36p-5Me-g,2022-01-13
유퀴즈,https://www.youtube.com/watch?v=3j36p-5Me-g,2022-01-13
선공개,https://www.youtube.com/watch?v=3j36p-5Me-g,2022-01-13
유재석,https://www.youtube.com/watch?v=3j36p-5Me-g,2022-01-13
조세호,https://www.youtube.com/watch?v=3j36p-5Me-g,2022-01-13
이정재,https://www.youtube.com/watch?v=3j36p-5Me-g,2022-01-13
티빙에서스트리밍,https://www.youtube.com/watch?v=3j36p-5Me-g,2022-01-13
유퀴즈온더블럭,https://www.youtube.com/watch?v=3j36p-5Me-g,2022-01-13
유퀴즈,https://www.youtube.com/watch?v=3j36p-5Me-g,2022-01-13
선공개,https://www.youtube.com/watch?v=3j36p-5Me-g,2022-01-13
유재석,https://www.youtube.com/watch?v=3j36p-5Me-g,2022-01-13
조세호,https://www.youtube.com/watch?v=3j36p-5Me-g,2022-01-13
이정재,https://www.youtube.com/watch?v=3j36p-5Me-g,2022-01-13
티빙에서스트리밍,https://www.youtube.com/watch?v=3j36p-5Me-g,2022-01-13
유퀴즈온더블럭,https://www.youtube.com/watch?v=3j36p-5Me-g,2022-01-13
유퀴즈,https://www.youtube.com/watch?v=3j36p-5Me-g,2022-01-13
선공개,https://www.youtube.com/watch?v=3j36p-5Me-g,2022-01-13
유재석,https://www.youtube.com/watch?v=3j36p-5Me-g,2022-01-13
조세호,https://www.youtube.com/watch?v=3j36p-5Me-g,2022-01-13
이정재,https://www.youtube.com/watch?v=3j36p-5Me-g,2022-01-13
티빙에서스트리밍,https://www.youtube.com/watch?v=3j36p-5Me-g,2022-01-13
유퀴즈온더블럭,https://www.youtube.com/watch?v=3j36p-5Me-g,2022-01-13
유퀴즈,https://www.youtube.com/watch?v=3j36p-5Me-g,2022-01-13
선공개,https://www.youtube.com/watch?v=3j36p-5Me-g,2022-01-13
유재석,https://www.youtube.com/watch?v=3j36p-5Me-g,2022-01-13
조세호,https://www.youtube.com/watch?v=3j36p-5Me-g,2022-01-13
이정재,https://www.youtube.com/watch?v=3j36p-5Me-g,2022-01-13
티빙에서스트리밍,https://www.youtube.com/watch?v=3j36p-5Me-g,2022-01-13
유퀴즈온더블럭,https://www.youtube.com/watch?v=3j36p-5Me-g,2022-01-13
유퀴즈,https://www.youtube.com/watch?v=3j36p-5Me-g,2022-01-13
선공개,https://www.youtube.com/watch?v=3j36p-5Me-g,2022-01-13
유재석,https://www.youtube.com/watch?v=3j36p-5Me-g,2022-01-13
조세호,https://www.youtube.com/watch?v=3j36p-5Me-g,2022-01-13
이정재,https://www.youtube.com/watch?v=3j36p-5Me-g,2022-01-13
티빙에서스트리밍,https://www.youtube.com/watch?v=3j36p-5Me-g,2022-01-13
유퀴즈온더블럭,https://www.youtube.com/watch?v=3j36p-5Me-g,2022-01-13
유퀴즈,https://www.youtube.com/watch?v=3j36p-5Me-g,2022-01-13
선공개,https://www.youtube.com/watch?v=3j36p-5Me-g,2022-01-13
유재석,https://www.youtube.com/watch?v=3j36p-5Me-g,2022-01-13
조세호,https://www.youtube.com/watch?v=3j36p-5Me-g,2022-01-13
이정재,https://www.youtube.com/watch?v=3j36p-5Me-g,2022-01-13
티빙에서스트리밍,https://www.youtube.com/watch?v=3j36p-5Me-g,2022-01-13
유퀴즈온더블럭,https://www.youtube.com/watch?v=3j36p-5Me-g,2022-01-13
유퀴즈,https://www.youtube.com/watch?v=3j36p-5Me-g,2022-01-13
선공개,https://www.youtube.com/watch?v=3j36p-5Me-g,2022-01-13
유재석,https://www.youtube.com/watch?v=3j36p-5Me-g,2022-01-13
조세호,https://www.youtube.com/watch?v=3j36p-5Me-g,2022-01-13
이정재,https://www.youtube.com/watch?v=3j36p-5Me-g,2022-01-13
티빙에서스트리밍,https://www.youtube.com/watch?v=3j36p-5Me-g,2022-01-13
유퀴즈온더블럭,https://www.youtube.com/watch?v=3j36p-5Me-g,2022-01-13
유퀴즈,https://www.youtube.com/watch?v=3j36p-5Me-g,2022-01-13
선공개,https://www.youtube.com/watch?v=3j36p-5Me-g,2022-01-13
유재석,https://www.youtube.com/watch?v=3j36p-5Me-g,2022-01-13
조세호,https://www.youtube.com/watch?v=3j36p-5Me-g,2022-01-13
이정재,https://www.youtube.com/watch?v=3j36p-5Me-g,2022-01-13
티빙에서스트리밍,https://www.youtube.com/watch?v=3j36p-5Me-g,2022-01-13
유퀴즈온더블럭,https://www.youtube.com/watch?v=3j36p-5Me-g,2022-01-13
유퀴즈,https://www.youtube.com/watch?v=3j36p-5Me-g,2022-01-13
선공개,https://www.youtube.com/watch?v=3j36p-5Me-g,2022-01-13
유재석,https://www.youtube.com/watch?v=3j36p-5Me-g,2022-01-13
조세호,https://www.youtube.com/watch?v=3j36p-5Me-g,2022-01-13
이정재,https://www.youtube.com/watch?v=3j36p-5Me-g,2022-01-13
티빙에서스트리밍,https://www.youtube.com/watch?v=3j36p-5Me-g,2022-01-13
유퀴즈온더블럭,https://www.youtube.com/watch?v=3j36p-5Me-g,2022-01-13
유퀴즈,https://www.youtube.com/watch?v=3j36p-5Me-g,2022-01-13
선공개,https://www.youtube.com/watch?v=3j36p-5Me-g,2022-01-13
유재석,https://www.youtube.com/watch?v=3j36p-5Me-g,2022-01-13
조세호,https://www.youtube.com/watch?v=3j36p-5Me-g,2022-01-13
이정재,https://www.youtube.com/watch?v=3j36p-5Me-g,2022-01-13
티빙에서스트리밍,https://www.youtube.com/watch?v=3j36p-5Me-g,2022-01-13
유퀴즈온더블럭,https://www.youtube.com/watch?v=3j36p-5Me-g,2022-01-13
유퀴즈,https://www.youtube.com/watch?v=3j36p-5Me-g,2022-01-13
선공개,https://www.youtube.com/watch?v=3j36p-5Me-g,2022-01-13
유재석,https://www.youtube.com/watch?v=3j36p-5Me-g,2022-01-13
조세호,https://www.youtube.com/watch?v=3j36p-5Me-g,2022-01-13
이정재,https://www.youtube.com/watch?v=3j36p-5Me-g,2022-01-13
티빙에서스트리밍,https://www.youtube.com/watch?v=3j36p-5Me-g,2022-01-13
유퀴즈온더블럭,https://www.youtube.com/watch?v=3j36p-5Me-g,2022-01-13
유퀴즈,https://www.youtube.com/watch?v=3j36p-5Me-g,2022-01-13
선공개,https://www.youtube.com/watch?v=3j36p-5Me-g,2022-01-13
유재석,https://www.youtube.com/watch?v=3j36p-5Me-g,2022-01-13
조세호,https://www.youtube.com/watch?v=3j36p-5Me-g,2022-01-13
이정재,https://www.youtube.com/watch?v=3j36p-5Me-g,2022-01-13
티빙에서스트리밍,https://www.youtube.com/watch?v=3j36p-5Me-g,2022-01-13
유퀴즈온더블럭,https://www.youtube.com/watch?v=3j36p-5Me-g,2022-01-13
유퀴즈,https://www.youtube.com/watch?v=3j36p-5Me-g,2022-01-13
선공개,https://www.youtube.com/watch?v=3j36p-5Me-g,2022-01-13
유재석,https://www.youtube.com/watch?v=3j36p-5Me-g,2022-01-13
조세호,https://www.youtube.com/watch?v=3j36p-5Me-g,2022-01-13
이정재,https://www.youtube.com/watch?v=3j36p-5Me-g,2022-01-13
티빙에서스트리밍,https://www.youtube.com/watch?v=3j36p-5Me-g,2022-01-13
유퀴즈온더블럭,https://www.youtube.com/watch?v=3j36p-5Me-g,2022-01-13
유퀴즈,https://www.youtube.com/watch?v=3j36p-5Me-g,2022-01-13
선공개,https://www.youtube.com/watch?v=3j36p-5Me-g,2022-01-13
유재석,https://www.youtube.com/watch?v=3j36p-5Me-g,2022-01-13
조세호,https://www.youtube.com/watch?v=3j36p-5Me-g,2022-01-13
이정재,https://www.youtube.com/watch?v=3j36p-5Me-g,2022-01-13
티빙에서스트리밍,https://www.youtube.com/watch?v=3j36p-5Me-g,2022-01-13
유퀴즈온더블럭,https://www.youtube.com/watch?v=3j36p-5Me-g,2022-01-13
유퀴즈,https://www.youtube.com/watch?v=3j36p-5Me-g,2022-01-13
선공개,https://www.youtube.com/watch?v=3j36p-5Me-g,2022-01-13
유재석,https://www.youtube.com/watch?v=3j36p-5Me-g,2022-01-13
조세호,https://www.youtube.com/watch?v=3j36p-5Me-g,2022-01-13
이정재,https://www.youtube.com/watch?v=3j36p-5Me-g,2022-01-13
티빙에서스트리밍,https://www.youtube.com/watch?v=3j36p-5Me-g,2022-01-13
유퀴즈온더블럭,https://www.youtube.com/watch?v=3j36p-5Me-g,2022-01-13
유퀴즈,https://www.youtube.com/watch?v=3j36p-5Me-g,2022-01-13
선공개,https://www.youtube.com/watch?v=3j36p-5Me-g,2022-01-13
유재석,https://www.youtube.com/watch?v=3j36p-5Me-g,2022-01-13
조세호,https://www.youtube.com/watch?v=3j36p-5Me-g,2022-01-13
이정재,https://www.youtube.com/watch?v=3j36p-5Me-g,2022-01-13
티빙에서스트리밍,https://www.youtube.com/watch?v=3j36p-5Me-g,2022-01-13
열정열정열정,https://www.youtube.com/watch?v=BNpPRVaTilY,2022-01-13
열정열정열정,https://www.youtube.com/watch?v=BNpPRVaTilY,2022-01-13
열정열정열정,https://www.youtube.com/watch?v=BNpPRVaTilY,2022-01-13
열정열정열정,https://www.youtube.com/watch?v=BNpPRVaTilY,2022-01-13
열정열정열정,https://www.youtube.com/watch?v=BNpPRVaTilY,2022-01-13
열정열정열정,https://www.youtube.com/watch?v=BNpPRVaTilY,2022-01-13
열정열정열정,https://www.youtube.com/watch?v=BNpPRVaTilY,2022-01-13
열정열정열정,https://www.youtube.com/watch?v=BNpPRVaTilY,2022-01-13
열정열정열정,https://www.youtube.com/watch?v=BNpPRVaTilY,2022-01-13
열정열정열정,https://www.youtube.com/watch?v=BNpPRVaTilY,2022-01-13
열정열정열정,https://www.youtube.com/watch?v=BNpPRVaTilY,2022-01-13
열정열정열정,https://www.youtube.com/watch?v=BNpPRVaTilY,2022-01-13
열정열정열정,https://www.youtube.com/watch?v=BNpPRVaTilY,2022-01-13
열정열정열정,https://www.youtube.com/watch?v=BNpPRVaTilY,2022-01-13
열정열정열정,https://www.youtube.com/watch?v=BNpPRVaTilY,2022-01-13
열정열정열정,https://www.youtube.com/watch?v=BNpPRVaTilY,2022-01-13
열정열정열정,https://www.youtube.com/watch?v=BNpPRVaTilY,2022-01-13
열정열정열정,https://www.youtube.com/watch?v=BNpPRVaTilY,2022-01-13
열정열정열정,https://www.youtube.com/watch?v=BNpPRVaTilY,2022-01-13
